MS_ID,LEANM,SEARCH,CER_NAME,URL,ADDRESS,CUSTOM_ID,LEVEL,YEAR_OPEN_CER,CER_MS_2012,SURVYEAR,NCESSCH,FIPST,LEAID,SCHNO,STID,SEASCH,LEANM,SCHNAM,PHONE,MSTREE,MCITY,MSTATE,MZIP,MZIP4,LSTREE,LCITY,LSTATE,LZIP,LZIP4,TYPE,STATUS,UNION,ULOCAL,LATCOD,LONCOD,CONUM,CONAME,CDCODE,BIES,RECONSTY,RECONSTF,SMEMPUP,ISMEMPUP,SFTEPUP,ISFTEPUP,SFLE,ISFLE,SPFEMALE,ISPFEMALE,SPWHITE,ISPWHITE,SPELM,ISPELM,FTE,GSLO,GSHI,PKOFFRD,KGOFFRD,G01OFFRD,G02OFFRD,G03OFFRD,G04OFFRD,G05OFFRD,G06OFFRD,G07OFFRD,G08OFFRD,G09OFFRD,G10OFFRD,G11OFFRD,G12OFFRD,UGOFFRD,LEVEL,TITLEISTAT,TITLEI,STITLI,MAGNET,CHARTR,SHARED,FRELCH,REDLCH,TOTFRL,PK,AMPKM,AMPKF,ASPKM,ASPKF,HIPKM,HIPKF,BLPKM,BLPKF,WHPKM,WHPKF,HPPKM,HPPKF,TRPKM,TRPKF,KG,AMKGM,AMKGF,ASKGM,ASKGF,HIKGM,HIKGF,BLKGM,BLKGF,WHKGM,WHKGF,HPKGM,HPKGF,TRKGM,TRKGF,G01,AM01M,AM01F,AS01M,AS01F,HI01M,HI01F,BL01M,BL01F,WH01M,WH01F,HP01M,HP01F,TR01M,TR01F,G02,AM02M,AM02F,AS02M,AS02F,HI02M,HI02F,BL02M,BL02F,WH02M,WH02F,HP02M,HP02F,TR02M,TR02F,G03,AM03M,AM03F,AS03M,AS03F,HI03M,HI03F,BL03M,BL03F,WH03M,WH03F,HP03M,HP03F,TR03M,TR03F,G04,AM04M,AM04F,AS04M,AS04F,HI04M,HI04F,BL04M,BL04F,WH04M,WH04F,HP04M,HP04F,TR04M,TR04F,G05,AM05M,AM05F,AS05M,AS05F,HI05M,HI05F,BL05M,BL05F,WH05M,WH05F,HP05M,HP05F,TR05M,TR05F,G06,AM06M,AM06F,AS06M,AS06F,HI06M,HI06F,BL06M,BL06F,WH06M,WH06F,HP06M,HP06F,TR06M,TR06F,G07,AM07M,AM07F,AS07M,AS07F,HI07M,HI07F,BL07M,BL07F,WH07M,WH07F,HP07M,HP07F,TR07M,TR07F,G08,AM08M,AM08F,AS08M,AS08F,HI08M,HI08F,BL08M,BL08F,WH08M,WH08F,HP08M,HP08F,TR08M,TR08F,G09,AM09M,AM09F,AS09M,AS09F,HI09M,HI09F,BL09M,BL09F,WH09M,WH09F,HP09M,HP09F,TR09M,TR09F,G10,AM10M,AM10F,AS10M,AS10F,HI10M,HI10F,BL10M,BL10F,WH10M,WH10F,HP10M,HP10F,TR10M,TR10F,G11,AM11M,AM11F,AS11M,AS11F,HI11M,HI11F,BL11M,BL11F,WH11M,WH11F,HP11M,HP11F,TR11M,TR11F,G12,AM12M,AM12F,AS12M,AS12F,HI12M,HI12F,BL12M,BL12F,WH12M,WH12F,HP12M,HP12F,TR12M,TR12F,UG,AMUGM,AMUGF,ASUGM,ASUGF,HIUGM,HIUGF,BLUGM,BLUGF,WHUGM,WHUGF,HPUGM,HPUGF,TRUGM,TRUGF,MEMBER,AM,AMALM,AMALF,ASIAN,ASALM,ASALF,HISP,HIALM,HIALF,BLACK,BLALM,BLALF,WHITE,WHALM,WHALF,PACIFIC,HPALM,HPALF,TR,TRALM,TRALF,TOTETH,VIRTUALSTAT,NSLPSTATUS,CHARTAUTH1,CHARTAUTH2,"Q1 data and technology (e.g., ""data-driven instruction"", ""iPads"")","Q2 code of conduct (i.e., behavioral expectations, ""respect"", school discipline, learning contracts)","Q3 adherence to state standards (i.e., Common Core, state-wide learning objectives)","Q4 social justice/ addressing disadvantage (e.g., achievement gaps, inequality/discrimination due to race, income, etc.)","Q5 emphasizes specific racial/ethnic/cultural group or heritage (e.g., immigrants)","Q6 performance on standardized tests (i.e., school-wide average scores on state tests)","Q7 description of students as poor, at-risk, or vulnerable","Q8 personalized, individualized, or differentiated instruction","Q9 preparing students for college (""college-bound""), careers, or the job market","Q10 resources such as legal, health, employment, or social services","Q11 pedagogical emphasis on drill & memory, lectures, or exams","Q12 curricular emphasis on ""core subjects""/""basics"" of math, reading, or essential facts",Q13 students' capacity to think in critical/independent/reasoned/skeptical ways,"Q14 social skill with peers, including conflict resolution, building close bonds, or collaboration","Q15 pedagogical emphasis on projects, problem-solving, or open inquiry","Q16 a ""holistic"", ""well-rounded"", ""whole-child"", and/or ""student-centered"" approach to learning","Q17 role in learning process of students' prior knowledge, backgrounds, perspectives, or consciousness","Q18 curricular emphasis on the arts (e.g., painting, dance), music, and/or nature (e.g., gardening)","Q19 a safe, trusting, loving, or nurturing learning environment/climate","Q20 students as ""creative"", ""imaginative"", ""passionate"", or ""playful""","Q21 students' learning experiences (e.g., discovery, exploration, joy, sense of meaning)","Q22 students as ""autonomous"", ""self-directed"", or ""contributors to democracy""","Q23 rejection of test-based learning as ""conformist"", ""mechanical"", or producing ""drones""","Q24 curricular emphasis on multi-culturalism, international communities, or ""global citizenship""","Q25 use of ""multiple assessments"" to gauge learning (i.e., not just academic tests)","Q26 emphasis on academic rigor, challenge, achievement, or expectations","Q27 students as ""citizens"", ""patriots"", or ""leaders""","Q28 students as ""responsible"", ""determined"", or ""confident"" ","Q29 a long-term, nonspecific goal of graduating students prepared for, e.g., the ""world"", ""future"", ""maturity"", or ""life"" ","Q30 the variety of programs and learning resources offered (i.e., not just math & reading, not just teachers)","Q31 the role played by parental and community involvement (i.e., ""It takes a village"")","Q32 teachers' meetings, collaboration, professional development"
1,RICHLAND 02,"RICHLAND TWO CHARTER HIGH 750 OLD CLEMSON RD, COLUMBIA, SC",Richland Two Charter High School,https://www.richland2.org/charterhigh/,"750 OLD CLEMSON RD, COLUMBIA, SC",SC600,3,2010,Flexible schedule allows students to work and explore different careers while receiving their high school diploma.,2013,4.50E+11,45,4503390,1554,4002,600,RICHLAND 02,RICHLAND TWO CHARTER HIGH,8034191348,750 OLD CLEMSON ROAD,COLUMBIA,SC,29229,0,750 OLD CLEMSON RD,COLUMBIA,SC,29229,0,1,1,0,21,34.1231,-80.8626,45079,RICHLAND COUNTY,4502,2,N,2,2,PS,2,PS,2,PS,2,PS,2,PS,2,PS,1,9,12,2,2,2,2,2,2,2,2,2,2,1,1,1,1,2,3,6,2,N,2,1,2,12,4,16,-2,-2,-2,-2,-2,-2,-2,-2,-2,-2,-2,-2,-2,-2,-2,-2,-2,-2,-2,-2,-2,-2,-2,-2,-2,-2,-2,-2,-2,-2,-2,-2,-2,-2,-2,-2,-2,-2,-2,-2,-2,-2,-2,-2,-2,-2,-2,-2,-2,-2,-2,-2,-2,-2,-2,-2,-2,-2,-2,-2,-2,-2,-2,-2,-2,-2,-2,-2,-2,-2,-2,-2,-2,-2,-2,-2,-2,-2,-2,-2,-2,-2,-2,-2,-2,-2,-2,-2,-2,-2,-2,-2,-2,-2,-2,-2,-2,-2,-2,-2,-2,-2,-2,-2,-2,-2,-2,-2,-2,-2,-2,-2,-2,-2,-2,-2,-2,-2,-2,-2,-2,-2,-2,-2,-2,-2,-2,-2,-2,-2,-2,-2,-2,-2,-2,-2,-2,-2,-2,-2,-2,-2,-2,-2,-2,-2,-2,-2,-2,-2,3,0,0,0,0,0,0,1,1,0,1,0,0,0,0,7,0,0,0,1,1,0,1,3,1,0,0,0,0,0,28,0,0,0,0,0,1,7,9,3,6,0,0,0,2,31,0,0,0,0,0,3,7,10,4,6,0,0,1,0,-2,-2,-2,-2,-2,-2,-2,-2,-2,-2,-2,-2,-2,-2,-2,69,0,0,0,1,0,1,5,1,4,39,16,23,21,8,13,0,0,0,3,1,2,69,VIRTUALNO,M,4002,M,yes,no,no,no,no,no,no,yes,no,no,no,no,no,no,no,no,no,no,no,no,no,no,no,no,no,no,yes,no,no,yes,no,no
2,POLK,"POLK STATE COLLEGE COLLEGIATE HIGH SCHOOL 3425 WINTER LK RD LAC1200, WINTER HAVEN, FL",Charter High Schools | Polk State College,https://www.polk.edu/lakeland-gateway-to-college-high-school/,"3425 WINTER LK RD LAC1200, WINTER HAVEN, FL",FL8131,3,,,2013,1.20E+11,12,1201590,4186,53,8131,POLK,POLK STATE COLLEGE COLLEGIATE HIGH SCHOOL,8636692322,3425 WINTER LAKE RD,LAKELAND,FL,33803,9765,3425 WINTER LK RD LAC1200,WINTER HAVEN,FL,33881,9765,1,1,0,41,27.9974,-81.8905,12105,POLK COUNTY,1215,2,N,2,2,PS,2,PS,2,PS,2,PS,2,PS,2,PS,9,11,12,2,2,2,2,2,2,2,2,2,2,2,2,1,1,2,3,6,2,N,2,1,2,42,1,43,-2,-2,-2,-2,-2,-2,-2,-2,-2,-2,-2,-2,-2,-2,-2,-2,-2,-2,-2,-2,-2,-2,-2,-2,-2,-2,-2,-2,-2,-2,-2,-2,-2,-2,-2,-2,-2,-2,-2,-2,-2,-2,-2,-2,-2,-2,-2,-2,-2,-2,-2,-2,-2,-2,-2,-2,-2,-2,-2,-2,-2,-2,-2,-2,-2,-2,-2,-2,-2,-2,-2,-2,-2,-2,-2,-2,-2,-2,-2,-2,-2,-2,-2,-2,-2,-2,-2,-2,-2,-2,-2,-2,-2,-2,-2,-2,-2,-2,-2,-2,-2,-2,-2,-2,-2,-2,-2,-2,-2,-2,-2,-2,-2,-2,-2,-2,-2,-2,-2,-2,-2,-2,-2,-2,-2,-2,-2,-2,-2,-2,-2,-2,-2,-2,-2,-2,-2,-2,-2,-2,-2,-2,-2,-2,-2,-2,-2,-2,-2,-2,-2,-2,-2,-2,-2,-2,-2,-2,-2,-2,-2,-2,-2,-2,-2,-2,-2,-2,-2,-2,-2,-2,-2,-2,-2,-2,-2,-2,-2,-2,132,0,0,2,3,10,14,3,12,27,58,0,0,0,3,139,0,0,0,3,9,15,6,24,36,43,0,0,0,3,-2,-2,-2,-2,-2,-2,-2,-2,-2,-2,-2,-2,-2,-2,-2,271,0,0,0,8,2,6,48,19,29,45,9,36,164,63,101,0,0,0,6,0,6,271,VIRTUALNO,NSLPWOPRO,1201590,M,no,no,no,no,no,no,no,yes,yes,no,no,no,no,no,no,no,no,no,no,no,no,no,no,yes,no,yes,yes,no,no,no,no,no
4,DETROIT ENTERPRISE ACADEMY,"DETROIT ENTERPRISE ACADEMY 11224 KERCHEVAL ST, DETROIT, MI",Detroit Enterprise Academy,https://www.nhaschools.com/schools/detroitenterprise,"11224 KERCHEVAL ST, DETROIT, MI",MI9462,1,2004,Focuses on authentic character and moral development and building a track record of high achievement and scholarship.,2013,2.60E+11,26,2600302,1738,82979,9462,DETROIT ENTERPRISE ACADEMY,DETROIT ENTERPRISE ACADEMY,3138235799,11224 KERCHEVAL ST,DETROIT,MI,48214,3323,11224 KERCHEVAL ST,DETROIT,MI,48214,3323,1,1,0,11,42.3688,-82.9729,26163,WAYNE COUNTY,2614,2,N,2,2,PS,2,PS,2,PS,2,PS,2,PS,2,PS,32,KG,8,2,1,1,1,1,1,1,1,1,1,2,2,2,2,1,1,5,1,1,2,1,2,473,18,491,-2,-2,-2,-2,-2,-2,-2,-2,-2,-2,-2,-2,-2,-2,-2,38,0,0,0,0,0,0,18,19,0,0,0,0,0,1,54,0,0,0,0,0,0,26,27,1,0,0,0,0,0,69,0,0,0,0,0,0,40,28,0,0,0,0,0,1,56,0,0,0,0,0,0,33,22,0,0,0,0,1,0,61,0,0,0,0,0,0,25,36,0,0,0,0,0,0,57,0,0,0,0,0,0,22,34,0,0,0,0,1,0,56,0,0,0,0,0,0,28,27,0,0,0,0,1,0,66,0,0,0,0,0,0,31,34,0,0,0,0,1,0,70,0,0,0,0,0,0,31,39,0,0,0,0,0,0,-2,-2,-2,-2,-2,-2,-2,-2,-2,-2,-2,-2,-2,-2,-2,-2,-2,-2,-2,-2,-2,-2,-2,-2,-2,-2,-2,-2,-2,-2,-2,-2,-2,-2,-2,-2,-2,-2,-2,-2,-2,-2,-2,-2,-2,-2,-2,-2,-2,-2,-2,-2,-2,-2,-2,-2,-2,-2,-2,-2,0,0,0,0,0,0,0,0,0,0,0,0,0,0,0,527,0,0,0,0,0,0,0,0,0,520,254,266,1,1,0,0,0,0,6,4,2,527,VIRTUALNO,NSLPCEO,2268,M,no,no,no,no,no,no,no,yes,no,no,no,no,no,no,yes,no,no,no,yes,no,no,no,no,no,no,yes,no,no,no,no,yes,no
5,LIGHTHOUSE COMMUNITY SCH INC,"LIGHTHOUSE COMMUNITY SCH INC 6100 DESMOND ST, CINCINNATI, OH",Lighthouse Community School_,https://www.lys.org/services/lighthouse-community-school/,"6100 DESMOND ST, CINCINNATI, OH",OH133389,3,2000,"Serves youth at risk. Population includes suspended/expelled and foster care, special education.",2013,3.90E+11,39,3900077,3387,133389,133389,LIGHTHOUSE COMMUNITY SCH INC,LIGHTHOUSE COMMUNITY SCH INC,5135617888,6100 DESMOND ST,CINCINNATI,OH,45227,1897,6100 DESMOND ST,CINCINNATI,OH,45227,1897,2,1,0,11,39.1631,-84.3899,39061,HAMILTON COUNTY,3902,2,N,2,2,PS,2,PS,2,PS,2,PS,2,PS,2,PS,5,7,12,2,2,2,2,2,2,2,2,1,1,1,1,1,1,2,3,5,1,1,N,1,2,55,0,55,-2,-2,-2,-2,-2,-2,-2,-2,-2,-2,-2,-2,-2,-2,-2,-2,-2,-2,-2,-2,-2,-2,-2,-2,-2,-2,-2,-2,-2,-2,-2,-2,-2,-2,-2,-2,-2,-2,-2,-2,-2,-2,-2,-2,-2,-2,-2,-2,-2,-2,-2,-2,-2,-2,-2,-2,-2,-2,-2,-2,-2,-2,-2,-2,-2,-2,-2,-2,-2,-2,-2,-2,-2,-2,-2,-2,-2,-2,-2,-2,-2,-2,-2,-2,-2,-2,-2,-2,-2,-2,-2,-2,-2,-2,-2,-2,-2,-2,-2,-2,-2,-2,-2,-2,-2,-2,-2,-2,-2,-2,-2,-2,-2,-2,-2,-2,-2,-2,-2,-2,3,0,0,0,0,0,0,2,1,0,0,0,0,0,0,4,0,0,0,0,0,0,2,0,0,1,0,0,1,0,9,0,0,0,0,0,0,3,5,0,0,0,0,0,1,16,0,0,0,0,0,0,8,5,3,0,0,0,0,0,14,0,0,0,0,0,0,5,7,2,0,0,0,0,0,12,0,0,0,0,1,0,2,6,0,2,0,0,1,0,-2,-2,-2,-2,-2,-2,-2,-2,-2,-2,-2,-2,-2,-2,-2,58,0,0,0,0,0,0,1,1,0,46,22,24,8,5,3,0,0,0,3,2,1,58,VIRTUALNO,NSLPCEO,43752,M,no,no,no,no,no,no,yes,yes,no,no,no,no,no,no,yes,no,no,no,yes,no,no,no,no,no,no,yes,no,no,no,no,no,no
6,NATOMAS UNIFIED,"WESTLAKE CHARTER MIDDLE 1985 PEBBLEWOOD DR, SACRAMENTO, CA",Westlake Charter Middle,https://westlakecharter.com,"1985 PEBBLEWOOD DR, SACRAMENTO, CA",CA124594,2,2011,"The mission is to prepare students with skills for life-long learning through a physically and emotionally safe learning environment that supports academic risk-taking, invites student participation, and structures cooperative learning experiences.",2013,60003612980,6,600036,12980,3475283,124594,NATOMAS UNIFIED,WESTLAKE CHARTER MIDDLE,9165675760,3800 DEL PASO RD.,SACRAMENTO,CA,95834,2599,1985 PEBBLEWOOD DR,SACRAMENTO,CA,95834,2599,1,1,0,11,38.6207,-121.5069,6067,SACRAMENTO COUNTY,606,2,N,2,1,FA,2,PS,2,PS,2,PS,2,PS,2,PS,6.34,6,8,2,2,2,2,2,2,2,1,1,1,2,2,2,2,2,2,6,2,N,2,1,M,45,8,53,-1,-1,-1,-1,-1,-1,-1,-1,-1,-1,-1,-1,-1,-1,-1,-2,-2,-2,-2,-2,-2,-2,-2,-2,-2,-2,-2,-2,-2,-2,-2,-2,-2,-2,-2,-2,-2,-2,-2,-2,-2,-2,-2,-2,-2,-2,-2,-2,-2,-2,-2,-2,-2,-2,-2,-2,-2,-2,-2,-2,-2,-2,-2,-2,-2,-2,-2,-2,-2,-2,-2,-2,-2,-2,-2,-2,-2,-2,-2,-2,-2,-2,-2,-2,-2,-2,-2,-2,-2,-2,-2,-2,-2,-2,-2,-2,-2,-2,-2,-2,-2,-2,-2,-2,-2,81,2,0,12,6,7,10,3,10,9,7,2,0,7,6,71,1,0,7,8,16,3,7,11,6,4,1,0,4,3,60,0,1,6,2,11,4,9,8,10,4,1,1,0,3,-2,-2,-2,-2,-2,-2,-2,-2,-2,-2,-2,-2,-2,-2,-2,-2,-2,-2,-2,-2,-2,-2,-2,-2,-2,-2,-2,-2,-2,-2,-2,-2,-2,-2,-2,-2,-2,-2,-2,-2,-2,-2,-2,-2,-2,-2,-2,-2,-2,-2,-2,-2,-2,-2,-2,-2,-2,-2,-2,-2,-2,-2,-2,-2,-2,-2,-2,-2,-2,-2,-2,-2,-2,-2,-2,212,4,3,1,41,25,16,51,34,17,48,19,29,40,25,15,5,4,1,23,11,12,212,N,NSLPNO,600036,M,yes,no,no,no,no,no,no,yes,no,no,no,no,no,no,yes,no,no,no,no,no,no,no,no,yes,no,yes,no,no,no,no,no,no
7,LOS ANGELES UNIFIED,"VAN GOGH CHARTER 17160 VAN GOGH ST, GRANADA HILLS, CA",Van Gogh Charter School,https://vangoghcs-lausd-ca.schoolloop.com/,"17160 VAN GOGH ST, GRANADA HILLS, CA",CA6019673,1,2012,Conversion affiliated,2013,62271003419,6,622710,3419,1964733,6019673,LOS ANGELES UNIFIED,VAN GOGH CHARTER,8183602141,17160 VAN GOGH ST.,GRANADA HILLS,CA,91344,1217,17160 VAN GOGH ST,GRANADA HILLS,CA,91344,1217,1,1,0,11,34.3056,-118.5058,6037,LOS ANGELES COUNTY,630,2,N,2,2,PS,2,PS,2,PS,2,PS,2,PS,2,PS,20,KG,5,2,1,1,1,1,1,1,2,2,2,2,2,2,2,2,1,6,2,N,2,1,M,80,35,115,-1,-1,-1,-1,-1,-1,-1,-1,-1,-1,-1,-1,-1,-1,-1,63,0,0,7,4,12,3,1,1,21,12,0,2,0,0,74,0,0,9,6,18,7,0,2,15,17,0,0,0,0,114,1,0,9,8,20,19,5,2,32,18,0,0,0,0,74,0,0,13,3,7,14,2,2,18,14,1,0,0,0,98,0,0,3,6,20,23,1,4,20,21,0,0,0,0,72,0,0,2,8,14,15,1,1,15,16,0,0,0,0,-2,-2,-2,-2,-2,-2,-2,-2,-2,-2,-2,-2,-2,-2,-2,-2,-2,-2,-2,-2,-2,-2,-2,-2,-2,-2,-2,-2,-2,-2,-2,-2,-2,-2,-2,-2,-2,-2,-2,-2,-2,-2,-2,-2,-2,-2,-2,-2,-2,-2,-2,-2,-2,-2,-2,-2,-2,-2,-2,-2,-2,-2,-2,-2,-2,-2,-2,-2,-2,-2,-2,-2,-2,-2,-2,-2,-2,-2,-2,-2,-2,-2,-2,-2,-2,-2,-2,-2,-2,-2,-2,-2,-2,-2,-2,-2,-2,-2,-2,-2,-2,-2,-2,-2,-2,-2,-2,-2,-2,-2,-2,-2,-2,-2,-2,-2,-2,-2,-2,-2,495,1,1,0,78,43,35,172,91,81,22,10,12,219,121,98,3,1,2,0,0,0,495,N,NSLPNO,622710,M,no,no,no,no,no,no,no,no,no,no,no,no,no,no,no,no,no,no,no,no,no,no,no,no,no,no,no,no,no,no,no,no
8,SUMMIT ACADEMY TRANSITION HIGH SCHOOL DAYTON,"SUMMIT ACADEMY TRANSITION HIGH SCHOOL DAYTON 1407 EAST 3RD ST, DAYTON, OH",Summit Academy of Dayton,https://summitacademies.org/schools/dayton-high/,"1407 EAST 3RD ST, DAYTON, OH",OH621,3,2004,"Unique, specialized school for children with Attention Deficit Hyperactivity Disorder (ADHD) and Asperger's Disorder.",2013,3.90E+11,39,3900348,4885,621,621,SUMMIT ACADEMY TRANSITION HIGH SCHOOL DAYTON,SUMMIT ACADEMY TRANSITION HIGH SCHOOL DAYTON,9372233154,1407 E 3RD ST,DAYTON,OH,45403,1818,1407 EAST 3RD ST,DAYTON,OH,45403,1818,2,1,0,12,39.7629,-84.1725,39113,MONTGOMERY COUNTY,3910,2,N,2,2,PS,2,PS,2,PS,2,PS,2,PS,2,PS,18,9,12,2,2,2,2,2,2,2,2,2,2,1,1,1,1,2,3,5,1,1,N,1,2,66,8,74,-2,-2,-2,-2,-2,-2,-2,-2,-2,-2,-2,-2,-2,-2,-2,-2,-2,-2,-2,-2,-2,-2,-2,-2,-2,-2,-2,-2,-2,-2,-2,-2,-2,-2,-2,-2,-2,-2,-2,-2,-2,-2,-2,-2,-2,-2,-2,-2,-2,-2,-2,-2,-2,-2,-2,-2,-2,-2,-2,-2,-2,-2,-2,-2,-2,-2,-2,-2,-2,-2,-2,-2,-2,-2,-2,-2,-2,-2,-2,-2,-2,-2,-2,-2,-2,-2,-2,-2,-2,-2,-2,-2,-2,-2,-2,-2,-2,-2,-2,-2,-2,-2,-2,-2,-2,-2,-2,-2,-2,-2,-2,-2,-2,-2,-2,-2,-2,-2,-2,-2,-2,-2,-2,-2,-2,-2,-2,-2,-2,-2,-2,-2,-2,-2,-2,-2,-2,-2,-2,-2,-2,-2,-2,-2,-2,-2,-2,-2,-2,-2,32,0,0,0,0,0,0,6,4,16,6,0,0,0,0,24,0,0,0,0,1,0,4,2,14,2,0,0,1,0,21,0,0,0,0,3,0,3,2,7,5,0,0,1,0,22,0,0,0,0,0,1,5,1,12,1,0,0,2,0,-2,-2,-2,-2,-2,-2,-2,-2,-2,-2,-2,-2,-2,-2,-2,99,0,0,0,0,0,0,5,4,1,27,18,9,63,49,14,0,0,0,4,4,0,99,VIRTUALNO,NSLPWOPRO,8303,M,no,no,no,yes,no,no,yes,no,no,no,no,no,no,no,no,no,no,no,no,no,no,no,no,no,no,no,no,no,no,no,no,no
9,SPRING BRANCH ISD,"WESTCHESTER ACADEMY FOR INTERNATIONAL STUDIES 901 YORKCHESTER, HOUSTON, TX",Westchester Academy of International Studies ,https://cms.springbranchisd.com/wais/,"901 YORKCHESTER, HOUSTON, TX",TX101920014,4,2000,"Offers integrated, thematic instruction with a international focus.",2013,4.84E+11,48,4841100,8831,101920,101920014,SPRING BRANCH ISD,WESTCHESTER ACADEMY FOR INTERNATIONAL STUDIES,7132511800,901 YORKCHESTER,HOUSTON,TX,77079,0,901 YORKCHESTER,HOUSTON,TX,77079,0,1,1,0,11,29.7809,-95.5835,48201,HARRIS COUNTY,4807,2,N,2,2,PS,2,PS,2,PS,2,PS,2,PS,2,PS,73.2,6,12,2,2,2,2,2,2,2,1,1,1,1,1,1,1,2,4,4,1,1,2,1,M,477,74,551,-2,-2,-2,-2,-2,-2,-2,-2,-2,-2,-2,-2,-2,-2,-2,-2,-2,-2,-2,-2,-2,-2,-2,-2,-2,-2,-2,-2,-2,-2,-2,-2,-2,-2,-2,-2,-2,-2,-2,-2,-2,-2,-2,-2,-2,-2,-2,-2,-2,-2,-2,-2,-2,-2,-2,-2,-2,-2,-2,-2,-2,-2,-2,-2,-2,-2,-2,-2,-2,-2,-2,-2,-2,-2,-2,-2,-2,-2,-2,-2,-2,-2,-2,-2,-2,-2,-2,-2,-2,-2,-2,-2,-2,-2,-2,-2,-2,-2,-2,-2,-2,-2,-2,-2,-2,140,0,0,8,4,49,54,1,6,7,10,0,0,1,0,139,0,0,1,2,37,58,2,2,22,14,0,0,1,0,138,0,0,2,6,45,48,3,4,16,12,0,0,1,1,138,0,0,7,3,51,38,3,4,17,15,0,0,0,0,131,0,0,7,3,30,53,0,1,22,14,0,0,0,1,136,2,0,5,7,39,33,3,4,22,16,0,0,2,3,114,0,0,3,5,41,34,1,5,10,12,0,0,2,1,-2,-2,-2,-2,-2,-2,-2,-2,-2,-2,-2,-2,-2,-2,-2,936,2,2,0,63,33,30,610,292,318,39,13,26,209,116,93,0,0,0,13,7,6,936,N,M,101920,M,no,yes,no,no,no,no,no,no,no,no,no,no,no,no,no,no,no,no,no,no,no,no,no,yes,no,yes,yes,no,no,yes,no,no
10,CITY ACADEMY,"CITY ACADEMY 958 JESSIE ST, SAINT PAUL, MN",City Academy,https://cityacademy.org/,"958 JESSIE ST, SAINT PAUL, MN",MN74000010,3,1992,"The first charter school to open in the nation, focuses on the hardest to reach and teach students. The year-round program is located in a park and recreation building in a low-income neighborhood.",2013,2.71E+11,27,2708955,16,74000,74000010,CITY ACADEMY,CITY ACADEMY,6512984624,958 JESSIE ST,SAINT PAUL,MN,55101,4058,958 JESSIE ST,SAINT PAUL,MN,55101,4058,1,1,0,11,44.9698,-93.0769,27123,RAMSEY COUNTY,2704,2,N,2,2,PS,2,PS,2,PS,2,PS,2,PS,2,PS,8.2,10,12,2,2,2,2,2,2,2,2,2,2,2,1,1,1,2,3,5,1,1,2,1,2,106,0,106,-2,-2,-2,-2,-2,-2,-2,-2,-2,-2,-2,-2,-2,-2,-2,-2,-2,-2,-2,-2,-2,-2,-2,-2,-2,-2,-2,-2,-2,-2,-2,-2,-2,-2,-2,-2,-2,-2,-2,-2,-2,-2,-2,-2,-2,-2,-2,-2,-2,-2,-2,-2,-2,-2,-2,-2,-2,-2,-2,-2,-2,-2,-2,-2,-2,-2,-2,-2,-2,-2,-2,-2,-2,-2,-2,-2,-2,-2,-2,-2,-2,-2,-2,-2,-2,-2,-2,-2,-2,-2,-2,-2,-2,-2,-2,-2,-2,-2,-2,-2,-2,-2,-2,-2,-2,-2,-2,-2,-2,-2,-2,-2,-2,-2,-2,-2,-2,-2,-2,-2,-2,-2,-2,-2,-2,-2,-2,-2,-2,-2,-2,-2,-2,-2,-2,-2,-2,-2,-2,-2,-2,-2,-2,-2,-2,-2,-2,-2,-2,-2,-2,-2,-2,-2,-2,-2,-2,-2,-2,-2,-2,-2,-2,-2,-2,1,0,0,0,1,0,0,0,0,0,0,0,0,0,0,16,0,0,10,2,1,0,1,0,0,1,0,0,0,1,92,0,0,43,23,2,2,4,9,1,1,0,0,3,4,-2,-2,-2,-2,-2,-2,-2,-2,-2,-2,-2,-2,-2,-2,-2,109,0,0,0,79,53,26,5,3,2,14,5,9,3,1,2,0,0,0,8,3,5,109,VIRTUALNO,NSLPNO,2.40E+11,M,no,no,no,no,no,no,no,yes,no,no,no,no,no,no,no,no,no,no,no,no,no,no,no,no,no,no,no,no,no,no,no,no
11,ESCAMBIA,"BYRNEVILLE ELEMENTARY SCHOOL, INC. 1600 BYRNEVILLE RD, CENTURY, FL",Byrneville Elementary School,https://byrnes-ecsd-fl.schoolloop.com/,"1600 BYRNEVILLE RD, CENTURY, FL",FL2106,1,2002,Core curriculum with a focus on the fundamental skills children need to succeed.,2013,1.20E+11,12,1200510,3847,17,2106,ESCAMBIA,"BYRNEVILLE ELEMENTARY SCHOOL, INC.",8502566350,1600 BYRNEVILLE RD,CENTURY,FL,32535,3640,1600 BYRNEVILLE RD,CENTURY,FL,32535,3640,1,1,0,41,30.9641,-87.3266,12033,ESCAMBIA COUNTY,1201,2,N,2,2,PS,2,PS,2,PS,2,PS,2,PS,2,PS,12,KG,5,2,1,1,1,1,1,1,2,2,2,2,2,2,2,2,1,5,1,1,2,1,2,104,17,121,-2,-2,-2,-2,-2,-2,-2,-2,-2,-2,-2,-2,-2,-2,-2,35,0,0,0,0,1,0,0,4,15,11,0,0,1,3,42,0,1,0,0,0,0,4,4,21,11,0,0,0,1,27,0,0,0,0,0,0,1,3,15,5,0,0,1,2,32,1,0,0,0,1,0,2,2,12,10,0,0,1,3,21,3,0,0,0,0,0,1,0,9,8,0,0,0,0,18,2,0,0,0,1,0,1,2,7,5,0,0,0,0,-2,-2,-2,-2,-2,-2,-2,-2,-2,-2,-2,-2,-2,-2,-2,-2,-2,-2,-2,-2,-2,-2,-2,-2,-2,-2,-2,-2,-2,-2,-2,-2,-2,-2,-2,-2,-2,-2,-2,-2,-2,-2,-2,-2,-2,-2,-2,-2,-2,-2,-2,-2,-2,-2,-2,-2,-2,-2,-2,-2,-2,-2,-2,-2,-2,-2,-2,-2,-2,-2,-2,-2,-2,-2,-2,-2,-2,-2,-2,-2,-2,-2,-2,-2,-2,-2,-2,-2,-2,-2,-2,-2,-2,-2,-2,-2,-2,-2,-2,-2,-2,-2,-2,-2,-2,-2,-2,-2,-2,-2,-2,-2,-2,-2,-2,-2,-2,-2,-2,-2,175,7,6,1,0,0,0,3,3,0,24,9,15,129,79,50,0,0,0,12,3,9,175,VIRTUALNO,NSLPWOPRO,1200510,M,no,no,no,no,no,no,no,no,no,no,no,no,no,yes,no,no,no,no,yes,no,no,no,no,no,no,no,no,no,no,no,no,no
13   ,MILWAUKEE SCHOOL DISTRICT                                     ,"WHITTIER ELEMENTARY 4382 SOUTH 3RD ST, MILWAUKEE, WI"                                          ,Whittier Elementary School                                                                    ,http://www5.milwaukee.k12.wi.us/school/whittier/                                                             ,"4382 SOUTH 3RD ST, MILWAUKEE, WI"              ,WI398          ,1    ,2001         ,Strong basic skills program while integrating technology into the curriculum.                                                                                                                                                                                    ,2013    ,5.51E+11   ,55   ,5509600,1271 ,3619          ,398          ,MILWAUKEE SCHOOL DISTRICT                                     ,WHITTIER ELEMENTARY                               ,4142941400,4382 S 3RD ST                 ,MILWAUKEE          ,WI    ,53207,4968 ,4382 SOUTH 3RD ST             ,MILWAUKEE          ,WI    ,53207,4968 ,1   ,1     ,0    ,11    ,42.9644  ,-87.9128   ,55079,MILWAUKEE COUNTY            ,5504  ,2   ,N       ,2       ,2      ,PS      ,2      ,PS      ,2   ,PS   ,2       ,PS       ,2      ,PS      ,2    ,PS    ,8.41  ,PK  ,5   ,1      ,1      ,1       ,1       ,1       ,1       ,1       ,2       ,2       ,2       ,2       ,2       ,2       ,2       ,2      ,1    ,2         ,1     ,2     ,2     ,1     ,2     ,61    ,8     ,69    ,37 ,0    ,0    ,1    ,0    ,2    ,5    ,2    ,1    ,12   ,14   ,0    ,0    ,0    ,0    ,36 ,0    ,0    ,1    ,0    ,5    ,2    ,0    ,3    ,12   ,13   ,0    ,0    ,0    ,0    ,26 ,1    ,0    ,0    ,1    ,1    ,4    ,1    ,2    ,7    ,9    ,0    ,0    ,0    ,0    ,31 ,0    ,0    ,2    ,0    ,1    ,3    ,1    ,3    ,10   ,11   ,0    ,0    ,0    ,0    ,27 ,0    ,0    ,0    ,0    ,5    ,2    ,3    ,0    ,11   ,6    ,0    ,0    ,0    ,0    ,23 ,0    ,0    ,0    ,1    ,3    ,3    ,1    ,1    ,6    ,7    ,0    ,0    ,0    ,1    ,21 ,0    ,0    ,2    ,0    ,2    ,3    ,2    ,1    ,6    ,5    ,0    ,0    ,0    ,0    ,-2 ,-2   ,-2   ,-2   ,-2   ,-2   ,-2   ,-2   ,-2   ,-2   ,-2   ,-2   ,-2   ,-2   ,-2   ,-2 ,-2   ,-2   ,-2   ,-2   ,-2   ,-2   ,-2   ,-2   ,-2   ,-2   ,-2   ,-2   ,-2   ,-2   ,-2 ,-2   ,-2   ,-2   ,-2   ,-2   ,-2   ,-2   ,-2   ,-2   ,-2   ,-2   ,-2   ,-2   ,-2   ,-2 ,-2   ,-2   ,-2   ,-2   ,-2   ,-2   ,-2   ,-2   ,-2   ,-2   ,-2   ,-2   ,-2   ,-2   ,-2 ,-2   ,-2   ,-2   ,-2   ,-2   ,-2   ,-2   ,-2   ,-2   ,-2   ,-2   ,-2   ,-2   ,-2   ,-2 ,-2   ,-2   ,-2   ,-2   ,-2   ,-2   ,-2   ,-2   ,-2   ,-2   ,-2   ,-2   ,-2   ,-2   ,-2 ,-2   ,-2   ,-2   ,-2   ,-2   ,-2   ,-2   ,-2   ,-2   ,-2   ,-2   ,-2   ,-2   ,-2   ,-2,-2   ,-2   ,-2   ,-2   ,-2   ,-2   ,-2   ,-2   ,-2   ,-2   ,-2   ,-2   ,-2   ,-2   ,201   ,1  ,1    ,0    ,8    ,6    ,2    ,41  ,19   ,22   ,21   ,10   ,11   ,129  ,64   ,65   ,0      ,0    ,0    ,1  ,0    ,1    ,201   ,VIRTUALNO  ,NSLPWOPRO ,3619          ,M             ,no                                                                     ,no                                                                                                      ,yes                                                                                  ,no                                                                                                                        ,no                                                                                  ,yes                                                                                     ,no                                                          ,no                                                              ,no                                                                                 ,yes                                                                  ,no                                                              ,no                                                                                            ,no                                                                             ,no                                                                                                  ,no                                                                      ,no                                                                                                       ,no                                                                                                      ,no                                                                                                   ,yes                                                                      ,no                                                                             ,no                                                                                        ,no                                                                                   ,no                                                                                               ,no                                                                                                  ,no                                                                                     ,no                                                                       ,no                                                          ,no                                                                  ,no                                                                                                                                  ,no                                                                                                             ,no                                                                                        ,no
15,CITY OF CHICAGO SD 299,"YOUNG WOMENS LEADERSHIP CHARTR HS 2641 SOUTH CALUMET AVE, CHICAGO, IL",Young Womenï¿½s Leadership Charter School,http://www.ywlcs.org/,"2641 SOUTH CALUMET AVE, CHICAGO, IL",IL150162990007C,3,2000,"Follows the small schools model and focuses on academic achievement, including a rigorous career and college preparatory curriculum emphasizing leadership and personal and social development. All girls school.",2013,1.71E+11,17,1709930,3981,15-016-2990-25,150162990007C,CITY OF CHICAGO SD 299,YOUNG WOMENS LEADERSHIP CHARTR HS,3129499400,2641 S CALUMET AVE,CHICAGO,IL,60616,2901,2641 SOUTH CALUMET AVE,CHICAGO,IL,60616,2901,1,1,0,11,41.8444,-87.6185,17031,COOK COUNTY,1707,2,N,2,2,PS,2,PS,2,PS,2,PS,2,PS,2,PS,12,7,12,2,2,2,2,2,2,2,2,1,1,1,1,1,1,2,3,5,1,1,2,1,2,280,0,280,-2,-2,-2,-2,-2,-2,-2,-2,-2,-2,-2,-2,-2,-2,-2,-2,-2,-2,-2,-2,-2,-2,-2,-2,-2,-2,-2,-2,-2,-2,-2,-2,-2,-2,-2,-2,-2,-2,-2,-2,-2,-2,-2,-2,-2,-2,-2,-2,-2,-2,-2,-2,-2,-2,-2,-2,-2,-2,-2,-2,-2,-2,-2,-2,-2,-2,-2,-2,-2,-2,-2,-2,-2,-2,-2,-2,-2,-2,-2,-2,-2,-2,-2,-2,-2,-2,-2,-2,-2,-2,-2,-2,-2,-2,-2,-2,-2,-2,-2,-2,-2,-2,-2,-2,-2,-2,-2,-2,-2,-2,-2,-2,-2,-2,-2,-2,-2,-2,-2,-2,43,0,0,0,0,0,2,0,37,0,0,0,0,0,4,46,0,0,0,0,0,2,0,41,0,0,0,0,0,3,78,0,0,0,0,0,5,0,69,0,1,0,0,0,3,65,0,0,0,0,0,4,0,56,0,1,0,0,0,4,52,0,1,0,0,0,3,0,44,0,2,0,0,0,2,44,0,1,0,0,0,3,0,27,0,7,0,0,0,6,-2,-2,-2,-2,-2,-2,-2,-2,-2,-2,-2,-2,-2,-2,-2,328,2,0,2,0,0,0,19,0,19,274,0,274,11,0,11,0,0,0,22,0,22,328,VIRTUALNO,M,15-016-2990-25,M,yes,no,no,no,no,no,no,no,yes,no,no,no,no,no,no,no,no,no,no,no,no,no,no,no,no,yes,no,yes,no,no,no,no
16,YUBA COUNTY OFFICE OF EDUCATION,"YUBA COUNTY CAREER PREPARATORY CHARTER 1104 EAST ST, MARYSVILLE, CA",Yuba County Career Preparatory Charter School,https://www.yubacoe.org/Domain/11,"1104 EAST ST, MARYSVILLE, CA",CA5830112,4,1995,"Fulfill the educational needs of students who want a meaningful, career-oriented education with an individualized approach.",2013,69104805572,6,691048,5572,5810587,5830112,YUBA COUNTY OFFICE OF EDUCATION,YUBA COUNTY CAREER PREPARATORY CHARTER,5307494000,1104 E ST.,MARYSVILLE,CA,95901,4149,1104 EAST ST,MARYSVILLE,CA,95901,4149,1,1,0,22,39.1471,-121.592,6115,YUBA COUNTY,603,2,N,2,2,PS,2,PS,2,PS,2,PS,2,PS,2,PS,14.6,KG,12,2,1,1,1,1,1,1,1,1,1,1,1,1,1,2,4,M,M,M,2,1,M,146,4,150,-1,-1,-1,-1,-1,-1,-1,-1,-1,-1,-1,-1,-1,-1,-1,0,0,0,0,0,0,0,0,0,0,0,0,0,0,0,0,0,0,0,0,0,0,0,0,0,0,0,0,0,0,1,0,0,0,0,0,0,0,0,0,1,0,0,0,0,1,0,0,0,0,0,0,0,0,0,1,0,0,0,0,1,0,0,0,0,0,1,0,0,0,0,0,0,0,0,2,0,0,0,0,0,1,0,0,1,0,0,0,0,0,0,0,0,0,0,0,0,0,0,0,0,0,0,0,0,10,0,0,0,0,2,2,0,1,3,2,0,0,0,0,9,0,0,0,0,1,1,0,0,5,1,0,1,0,0,21,0,1,0,0,6,4,1,1,4,3,0,1,0,0,37,1,2,0,0,4,8,0,0,14,8,0,0,0,0,77,3,0,0,0,12,14,4,1,23,17,1,0,0,2,112,1,4,1,1,13,19,1,0,34,32,0,0,2,4,-2,-2,-2,-2,-2,-2,-2,-2,-2,-2,-2,-2,-2,-2,-2,271,12,5,7,2,1,1,88,38,50,9,6,3,149,84,65,3,1,2,8,2,6,271,N,NSLPNO,691048,M,yes,no,no,no,no,no,no,yes,yes,no,no,no,no,no,no,no,no,no,yes,no,no,no,no,no,no,yes,yes,no,yes,yes,yes,no
17,YOUNG SCHOLARS OF WESTERN PENNSYLVANIA CS,"YOUNG SCHOLARS OF WESTERN PENNSYLVANIA C 600 NEWPORT DR, BALDWIN TOWNSHIP, PA",Young Scholars Academy ,http://www.ysacs.org/,"600 NEWPORT DR, BALDWIN TOWNSHIP, PA",PA8156,1,1998,Well-disciplined curriculum to strengthen students' academic and social-emotional skills. Basic skills are emphasized and problem-solving skills are developed to a mastery level.,2013,4.20E+11,42,4200845,7424,103025206,8156,YOUNG SCHOLARS OF WESTERN PENNSYLVANIA CS,YOUNG SCHOLARS OF WESTERN PENNSYLVANIA C,4126682064,600 NEWPORT DRIVE,BALDWIN TOWNSHIP,PA,15234,0,600 NEWPORT DR,BALDWIN TOWNSHIP,PA,15234,0,1,1,0,21,40.3764,-80.0184,42003,ALLEGHENY COUNTY,4214,2,N,2,2,PS,2,PS,2,PS,2,PS,2,PS,2,PS,17.2,KG,8,2,1,1,1,1,1,1,1,1,1,2,2,2,2,2,1,3,1,1,2,1,2,123,17,140,-2,-2,-2,-2,-2,-2,-2,-2,-2,-2,-2,-2,-2,-2,-2,41,0,0,0,0,1,0,8,4,11,14,0,1,0,2,41,0,0,1,0,0,0,5,4,16,10,1,0,1,3,42,0,0,0,0,0,0,1,10,11,18,0,0,1,1,21,0,0,0,1,1,0,0,1,8,8,0,0,1,1,22,0,0,0,0,1,0,2,2,11,6,0,0,0,0,20,0,0,0,0,2,0,0,3,6,7,0,0,1,1,22,0,0,0,1,0,1,2,2,6,9,0,0,1,0,21,0,0,0,0,0,1,2,4,6,7,0,0,0,1,0,0,0,0,0,0,0,0,0,0,0,0,0,0,0,-2,-2,-2,-2,-2,-2,-2,-2,-2,-2,-2,-2,-2,-2,-2,-2,-2,-2,-2,-2,-2,-2,-2,-2,-2,-2,-2,-2,-2,-2,-2,-2,-2,-2,-2,-2,-2,-2,-2,-2,-2,-2,-2,-2,-2,-2,-2,-2,-2,-2,-2,-2,-2,-2,-2,-2,-2,-2,-2,-2,-2,-2,-2,-2,-2,-2,-2,-2,-2,-2,-2,-2,-2,-2,-2,230,0,0,0,3,1,2,7,5,2,50,20,30,154,75,79,2,1,1,14,5,9,230,VIRTUALNO,NSLPNO,103021102,M,no,no,yes,no,no,no,no,no,no,no,no,yes,no,no,no,yes,no,no,no,no,no,no,no,no,no,yes,no,no,no,no,no,no
18,WEST PHILA. ACHIEVEMENT CES,"WEST PHILA. ACHIEVEMENT CES 6701 CALLOWHILL ST, PHILADELPHIA, PA",West Philadelphia Achievement Charter Elementary School ...,http://www.wpaces.org/,"6701 CALLOWHILL ST, PHILADELPHIA, PA",PA7722,1,,,2013,4.20E+11,42,4200105,657,126510006,7722,WEST PHILA. ACHIEVEMENT CES,WEST PHILA. ACHIEVEMENT CES,2154766471,6701 CALLOWHILL STREET,PHILADELPHIA,PA,19151,0,6701 CALLOWHILL ST,PHILADELPHIA,PA,19151,0,1,1,0,11,39.9704,-75.2541,42101,PHILADELPHIA COUNTY,4201,2,N,2,2,PS,2,PS,2,PS,2,PS,2,PS,2,PS,32,KG,5,2,1,1,1,1,1,1,2,2,2,2,2,2,2,2,1,5,1,1,2,1,2,585,37,622,-2,-2,-2,-2,-2,-2,-2,-2,-2,-2,-2,-2,-2,-2,-2,138,0,0,0,0,0,0,70,68,0,0,0,0,0,0,131,0,0,0,0,0,0,67,62,0,0,0,1,0,1,115,0,0,1,0,1,0,57,56,0,0,0,0,0,0,108,0,0,0,0,0,1,42,65,0,0,0,0,0,0,100,0,0,0,0,0,0,44,56,0,0,0,0,0,0,72,0,0,1,0,0,1,34,36,0,0,0,0,0,0,-2,-2,-2,-2,-2,-2,-2,-2,-2,-2,-2,-2,-2,-2,-2,-2,-2,-2,-2,-2,-2,-2,-2,-2,-2,-2,-2,-2,-2,-2,-2,-2,-2,-2,-2,-2,-2,-2,-2,-2,-2,-2,-2,-2,-2,-2,-2,-2,-2,-2,-2,-2,-2,-2,-2,-2,-2,-2,-2,-2,-2,-2,-2,-2,-2,-2,-2,-2,-2,-2,-2,-2,-2,-2,-2,-2,-2,-2,-2,-2,-2,-2,-2,-2,-2,-2,-2,-2,-2,-2,-2,-2,-2,-2,-2,-2,-2,-2,-2,-2,-2,-2,-2,-2,-2,-2,-2,-2,-2,-2,-2,-2,-2,-2,-2,-2,-2,-2,-2,-2,664,0,0,0,2,2,0,3,1,2,657,314,343,0,0,0,1,0,1,1,0,1,664,VIRTUALNO,NSLPNO,126515001,M,yes,no,no,no,no,no,no,no,no,no,no,no,no,no,no,no,no,yes,yes,no,no,no,no,yes,no,no,no,no,no,no,yes,no
19,JOHN H WOOD JR PUBLIC CHARTER DISTRICT,"JOHN H WOOD JR CS GRANBURY 1300 CROSSLAND RD, GRANBURY, TX",Granbury - John H. Wood Charter School,http://www.woodcharter.com/Granbury/,"1300 CROSSLAND RD, GRANBURY, TX",TX15808006,4,,,2013,4.80E+11,48,4800053,11906,15808,15808006,JOHN H WOOD JR PUBLIC CHARTER DISTRICT,JOHN H WOOD JR CS GRANBURY,2106385600,1300 CROSSLAND RD,GRANBURY,TX,76048,0,1300 CROSSLAND RD,GRANBURY,TX,76048,0,4,1,0,41,32.4475,-97.8026,48221,HOOD COUNTY,4811,2,2010,2,2,PS,2,PS,2,PS,2,PS,2,PS,2,PS,7,4,12,2,2,2,2,2,1,1,1,1,1,1,1,1,1,2,4,5,1,1,2,1,M,59,0,59,-2,-2,-2,-2,-2,-2,-2,-2,-2,-2,-2,-2,-2,-2,-2,-2,-2,-2,-2,-2,-2,-2,-2,-2,-2,-2,-2,-2,-2,-2,-2,-2,-2,-2,-2,-2,-2,-2,-2,-2,-2,-2,-2,-2,-2,-2,-2,-2,-2,-2,-2,-2,-2,-2,-2,-2,-2,-2,-2,-2,-2,-2,-2,-2,-2,-2,-2,-2,-2,-2,-2,-2,-2,-2,-2,1,0,0,0,0,0,0,0,0,0,0,0,0,1,0,0,0,0,0,0,0,0,0,0,0,0,0,0,0,0,0,0,0,0,0,0,0,0,0,0,0,0,0,0,0,4,0,0,0,0,1,0,0,0,3,0,0,0,0,0,6,0,0,0,0,0,2,0,0,2,2,0,0,0,0,30,0,0,0,0,12,4,3,1,5,3,0,0,2,0,18,0,0,0,0,6,1,4,1,2,4,0,0,0,0,3,0,0,0,0,1,0,0,0,1,1,0,0,0,0,0,0,0,0,0,0,0,0,0,0,0,0,0,0,0,-2,-2,-2,-2,-2,-2,-2,-2,-2,-2,-2,-2,-2,-2,-2,62,0,0,0,0,0,0,27,20,7,9,7,2,23,13,10,0,0,0,3,3,0,62,N,M,1,M,yes,no,no,no,no,no,yes,yes,yes,no,no,no,no,no,no,no,no,no,yes,no,no,no,no,no,no,no,no,no,yes,no,no,yes
20,PAINTED PONY RANCH CHARTER SCHOOL,"WILLOW CREEK CHARTER SCHOOL 2100 WILLOW CREEK RD, PRESCOTT, AZ",Willow Creek Charter School,http://www.willowcreekcharter.com/,"2100 WILLOW CREEK RD, PRESCOTT, AZ",AZ78815,1,1998,"A multi-age, project- based, interdisciplinary curriculum with a strong environmental component, where the interdependence of humans and their environment is central.",2013,40021001974,4,400210,1974,10967,78815,PAINTED PONY RANCH CHARTER SCHOOL,WILLOW CREEK CHARTER SCHOOL,9287761212,2100 WILLOW CREEK RD,PRESCOTT,AZ,86301,0,2100 WILLOW CREEK RD,PRESCOTT,AZ,86301,0,1,1,0,13,34.579,-112.4832,4025,YAVAPAI COUNTY,404,2,N,2,2,PS,2,PS,2,PS,2,PS,2,PS,2,PS,-1,KG,8,2,1,1,1,1,1,1,1,1,1,2,2,2,2,2,1,6,2,N,2,1,2,-1,-1,-1,-2,-2,-2,-2,-2,-2,-2,-2,-2,-2,-2,-2,-2,-2,-2,14,0,0,0,0,1,0,0,0,6,6,0,0,1,0,13,0,0,0,0,2,0,1,0,5,4,0,0,0,1,18,0,0,0,0,1,1,0,0,6,10,0,0,0,0,10,0,0,0,0,2,2,0,0,2,3,0,0,0,1,9,0,0,0,0,1,0,0,0,4,3,0,0,0,1,8,0,0,0,0,0,0,0,1,4,2,0,0,0,1,17,0,0,0,0,0,2,0,0,4,9,1,0,0,1,10,0,0,0,0,1,1,0,0,3,4,0,0,1,0,10,0,0,0,0,0,0,0,1,5,3,0,1,0,0,-2,-2,-2,-2,-2,-2,-2,-2,-2,-2,-2,-2,-2,-2,-2,-2,-2,-2,-2,-2,-2,-2,-2,-2,-2,-2,-2,-2,-2,-2,-2,-2,-2,-2,-2,-2,-2,-2,-2,-2,-2,-2,-2,-2,-2,-2,-2,-2,-2,-2,-2,-2,-2,-2,-2,-2,-2,-2,-2,-2,-2,-2,-2,-2,-2,-2,-2,-2,-2,-2,-2,-2,-2,-2,-2,109,0,0,0,0,0,0,14,8,6,3,1,2,83,39,44,2,1,1,7,2,5,109,VIRTUALNO,NSLPNO,10500,M,no,no,yes,no,no,yes,no,no,no,no,no,no,no,yes(culture),yes,no,no,no,yes,no,no,no,no,no,no,no,no,no,no,no,no,no
